round, cid, loss, accuracy, model_size, train_time, cyfer_time, decyfer_time
1, 0, 0.6080003380775452, 0.8391632437705994, 81423, 1.143975019454956, 0.7924163341522217, 4.76837158203125e-07
2, 0, 0.30745071172714233, 0.916522741317749, 81426, 0.954911470413208, 0.841083288192749, 0.5112795829772949
3, 0, 0.2720584571361542, 0.9256006479263306, 81419, 1.4296727180480957, 1.52423095703125, 0.614220142364502
4, 0, 0.2572952210903168, 0.92994225025177, 81415, 0.8304252624511719, 2.243499755859375, 0.4916565418243408
5, 0, 0.24824532866477966, 0.9318170547485352, 81418, 0.8283007144927979, 0.8202073574066162, 0.484771728515625
6, 0, 0.24201075732707977, 0.9338892102241516, 81406, 0.7753562927246094, 0.7994425296783447, 0.894038200378418
7, 0, 0.23774968087673187, 0.9353199601173401, 81427, 1.0036342144012451, 0.7692511081695557, 0.5063705444335938
8, 0, 0.2338106632232666, 0.9357146620750427, 81424, 0.9661722183227539, 0.8124444484710693, 0.5043933391571045
9, 0, 0.2308196872472763, 0.9380828142166138, 81411, 0.9181632995605469, 0.8843722343444824, 0.4828014373779297
