round, cid, loss, accuracy, model_size, train_time, cyfer_time, decyfer_time
1, 1, 0.5089350342750549, 0.8681382536888123, 81416, 1.8200361728668213, 0.8223965167999268, 1.9073486328125e-06
2, 1, 0.3155794143676758, 0.9128891825675964, 81409, 1.7277801036834717, 0.7093667984008789, 0.49690937995910645
3, 1, 0.28664883971214294, 0.9193576574325562, 81424, 1.6097321510314941, 0.8587987422943115, 0.6150670051574707
4, 1, 0.27199089527130127, 0.9236364364624023, 81414, 1.6078860759735107, 0.7271742820739746, 0.4953157901763916
5, 1, 0.2628970742225647, 0.9255996346473694, 81420, 1.5057814121246338, 0.7531015872955322, 0.46747612953186035
6, 1, 0.25758397579193115, 0.9283431172370911, 81430, 1.4710814952850342, 0.7603564262390137, 0.4540095329284668
7, 1, 0.2531222105026245, 0.9283179640769958, 81415, 1.6669914722442627, 0.7665913105010986, 0.5085372924804688
8, 1, 0.24946995079517365, 0.9293498992919922, 81415, 2.7938809394836426, 0.7063736915588379, 0.5022521018981934
9, 1, 0.24699372053146362, 0.929953932762146, 81414, 1.6859774589538574, 0.813323974609375, 0.48250579833984375
